epoch,train_loss,test_loss
1,0.4322345940272013,0.3923461838439107
