epoch,train_loss,test_loss,learning_rate,validation_loss
1,29.39880875349045,,0.01,6.993409013748169
2,4.548113739490509,,0.01,4.620236957073212
3,2.948359328508377,,0.01,2.436572629213333
4,2.1836518168449404,,0.01,2.9641546249389648
5,2.0191058993339537,,0.01,2.4352940738201143
6,2.200331175327301,,0.01,2.7237531304359437
7,2.129374486207962,,0.01,2.0962509393692015
8,1.917851173877716,,0.01,2.086005574464798
9,2.1764787673950194,,0.01,2.3366511940956114
